budget,unc,jsd,rmse
0.0,0.6913140966842883,0.018080001029752685,0.026710359785634522
0.10000000000000142,0.6878966640288664,0.019004743252961465,0.03112950862646713
0.20000000000000284,0.6775061204803897,0.025542379393150044,0.04087426114677607
0.30000000000000426,0.6771291859309218,0.025145271958758902,0.04090731097012531
0.4000000000000057,0.683559667714352,0.025789179746961807,0.04143041057488729
0.5000000000000071,0.6881279941018942,0.029221214317765202,0.04467203359517177
0.6000000000000085,0.6905705745379236,0.039095367584607736,0.053392723062395196
0.70000000000001,0.6961921290461541,0.04239888582520268,0.05657425021127947
0.8000000000000114,0.7047282259376092,0.04767505674517703,0.06107881292880654
0.9000000000000128,0.698180923912958,0.04751821418985159,0.05963425641013729
1.0000000000000142,0.7075107653572451,0.051390356030927224,0.06411810500992497
1.1000000000000156,0.7154391613314334,0.051959929115539816,0.06535251514921002
1.200000000000017,0.7402022298858304,0.05396955337160599,0.06809412031938124
1.3000000000000185,0.7563153306401337,0.05553097744175095,0.07030374248450798
1.40000000000002,0.7655231629395775,0.05544422010570172,0.07118824318091636
1.5000000000000213,0.7840531319347733,0.060841702544774695,0.07575852118682623
1.6000000000000227,0.7891108902271969,0.0680336095251442,0.0806505830259471
1.7000000000000242,0.788186252329773,0.07570871642244002,0.08628094218328336
1.8000000000000256,0.7925108005188694,0.08323596202085877,0.09182142211786608
1.900000000000027,0.8086338398347103,0.08189420547330334,0.09446169044942021
2.0000000000000284,0.8213479813386355,0.0806875358461746,0.0971722785357469
2.10000000000003,0.8299665648884482,0.07907365239508905,0.1017989364737658
2.2000000000000313,0.8348332323167312,0.08696943463389761,0.10500705163675421
2.3000000000000327,0.8341481914425654,0.10434102663515898,0.11006267365596899
2.400000000000034,0.8426011577754347,0.09169534979768797,0.11311718186329899
2.5000000000000355,0.8047125965874268,0.08386460971607938,0.10727199669798428
2.600000000000037,0.8158869519262625,0.08583045094734328,0.11051632666036508
2.7000000000000384,0.8167369947369701,0.08480131714374002,0.11313585817125504
2.80000000000004,0.817311491829421,0.09877845733622782,0.11833724747184093
2.900000000000041,0.8206120146753467,0.1048833852539955,0.12091949437946876
3.0000000000000426,0.7908392197031487,0.09754723077191418,0.11276054806010391
3.100000000000044,0.7869626059674807,0.11275958178935314,0.11833387895274627
3.2000000000000455,0.7923573648534612,0.11322158540788836,0.11906237691478373
3.300000000000047,0.7978473584200264,0.12257446666634904,0.12179587190559395
3.4000000000000483,0.8060517645096855,0.1277616970102096,0.1237215047525177
3.5000000000000497,0.8129744337257918,0.12798293562012839,0.12459454681348893
3.600000000000051,0.816504691088777,0.14122248378790586,0.12776663204997143
3.7000000000000526,0.8129654076906349,0.15370252135570286,0.13028773460905552
3.800000000000054,0.7738769223074947,0.13911182649883833,0.12154887839710539
3.9000000000000554,0.7630732371792751,0.1517423471272202,0.12397581015627723
4.000000000000057,0.7278923300896302,0.14922973599381642,0.11715655200664585
4.100000000000058,0.7135156765436745,0.1697787579069371,0.12327301738361424
4.20000000000006,0.7143136845857386,0.17694400529912194,0.1257584713285231
4.300000000000061,0.7186443529360274,0.18309007244323597,0.12787181782078544
4.4000000000000625,0.7274375630045459,0.18475682402864,0.12906429029874036
4.500000000000064,0.7357798793226066,0.2012628272299225,0.13224133380980613
4.600000000000065,0.7451114181463337,0.20980884918403833,0.1336192147249752
4.700000000000067,0.7567947178418888,0.21909928625529407,0.1353528783121437
4.800000000000068,0.7676128634538243,0.22016682382063402,0.1358670175915183
4.90000000000007,0.7742135941880965,0.24376869762434347,0.1407072603721603
5.000000000000071,0.777731077915813,0.2824611046450325,0.1434492435933327
5.1000000000000725,0.7767662649434316,0.2947458318855442,0.1438057447371985
5.200000000000074,0.7768802484100096,0.3249991233277943,0.14626154686606274
5.300000000000075,0.7835697062115544,0.3506799303159162,0.14765502764168023
5.400000000000077,0.7934669354127992,0.35815575641044833,0.14795741143568666
5.500000000000078,0.8086130398037551,0.3812714625435078,0.1499807522710391
5.60000000000008,0.8235691456898625,0.3884377690072842,0.1510435808682924
5.700000000000081,0.834352559458801,0.39585654007811355,0.15206245583378472
5.800000000000082,0.8413812142079093,0.41674082389405576,0.15391551590538508
5.900000000000084,0.8257389184042597,0.43064333393209875,0.1550262828171054
6.000000000000085,0.7649887240476817,0.29563129785030756,0.13433695749623
6.100000000000087,0.7649470159349221,0.2970149342775647,0.13450350173702766
6.200000000000088,0.7767037777491533,0.3029280563079903,0.13500486196224248
6.3000000000000895,0.7820161010016928,0.3112112970294498,0.13640211103595895
6.400000000000091,0.7923889334126377,0.31425162029432124,0.13675004062916246
6.500000000000092,0.7988917459736263,0.31322797277387554,0.13641747629595655
6.600000000000094,0.806819230053458,0.31590385557914563,0.1370011813978531
6.700000000000095,0.8153998988126161,0.3174281843790065,0.13767697001499454
6.800000000000097,0.8247857331372376,0.32091672289679535,0.1388202705252154
6.900000000000098,0.8269124386012766,0.29069733488383415,0.13911755252254324
7.0000000000000995,0.7936877309197296,0.26648445062424947,0.1294039240500804
7.100000000000101,0.8000251031177316,0.27398921248384883,0.12998379488907083
7.200000000000102,0.8053277209931929,0.2771592153167574,0.13008268325383185
7.300000000000104,0.8019264126081341,0.2811312440360266,0.13089244355607133
7.400000000000105,0.8016796370693872,0.2823861132254822,0.13203476955552346
7.500000000000107,0.811272824691578,0.2849814055651984,0.1306579288038288
7.600000000000108,0.8155780587139226,0.28536157095236436,0.13062507684663077
7.700000000000109,0.8274521549001094,0.2887154440227154,0.12929640468145248
7.800000000000111,0.8323889236460925,0.2952354950122125,0.1291152674650714
7.900000000000112,0.8399663057459811,0.2987437232649824,0.1286022076739862
8.000000000000114,0.85011408336965,0.3014166265736409,0.12816059253615247
8.100000000000115,0.8558900392437412,0.30172798934538575,0.12833798319620018
8.200000000000117,0.8662370876783911,0.306271378683752,0.12732975517284292
8.300000000000118,0.8690095214008329,0.3106890447442857,0.12764269770957828
8.40000000000012,0.8685818946387484,0.32363378270745086,0.13000789245369884
8.50000000000012,0.8717742140383171,0.33128955179504194,0.13121897690556963
8.600000000000122,0.8780315185687441,0.3302488728124104,0.1310432226857403
8.700000000000124,0.8863406824580218,0.3317317078542061,0.13157481221723646
8.800000000000125,0.8900615854524241,0.3328500133243268,0.13236484027772222
8.900000000000126,0.880509529942412,0.34483360373628474,0.13460051624890523
9.000000000000128,0.8422985905899059,0.36335233023509933,0.1316317553154502
9.10000000000013,0.7908074813787965,0.3389609869472234,0.12626925909132763
9.20000000000013,0.7928198240096016,0.3370248102147378,0.1261806501567296
9.300000000000132,0.7935567050392193,0.3469337568060846,0.12796266833605335
9.400000000000134,0.7973929911258172,0.3464230749276271,0.1282924219825863
9.500000000000135,0.8032493351913904,0.34650093232335033,0.12852857174459478
9.600000000000136,0.8081388323313411,0.3502133883927563,0.12936245194449084
9.700000000000138,0.8152727177496608,0.3513326528122389,0.12996996932840463
9.80000000000014,0.8222313204009501,0.3185758284976442,0.12959770087654074
9.90000000000014,0.8291769997576149,0.3273963285654415,0.1310284405409172
10.000000000000142,0.8308006671112551,0.32946646086268416,0.13131515338800162
10.100000000000144,0.8064205342447286,0.30411663645888914,0.12212586077344603
10.200000000000145,0.8111422242299291,0.3054404791135996,0.12233936805810455
10.300000000000146,0.8105808735774519,0.3105295946068279,0.12387208671022813
10.400000000000148,0.8104175502793559,0.3143666580935745,0.12676114604479943
10.50000000000015,0.8205765283283393,0.31615942326393215,0.128597366959423
10.60000000000015,0.8254343386132396,0.317371625255956,0.1293470230683828
10.700000000000152,0.8328249753440428,0.31653543932216466,0.1291251008873755
10.800000000000153,0.8370918863324205,0.3210839655623881,0.13114512085907293
10.900000000000155,0.8450496024357322,0.325674576108803,0.1324939777170852
11.000000000000156,0.8452947719829377,0.32480514962362156,0.13271071508359922
11.100000000000158,0.8524018296036836,0.3290770466890503,0.13417296584879096
11.20000000000016,0.8586428222298231,0.32847087254197554,0.13440083445770615
11.30000000000016,0.8626356232040105,0.333396822836181,0.13574375130619187
11.400000000000162,0.8687524864577663,0.33580062844957387,0.13646763875227286
11.500000000000163,0.8763790392926317,0.3383435644795161,0.1371485965976428
11.600000000000165,0.8837085962155893,0.3409889216072474,0.1377837951876559
11.700000000000166,0.8894471510197323,0.34353406009035964,0.13872949762622083
11.800000000000168,0.8919909032844139,0.3418491476723095,0.13951059592662382
11.900000000000169,0.8999025444004204,0.3612115574674138,0.14182338661957608
12.00000000000017,0.904204571675764,0.35269284814591906,0.14097799683255707
12.100000000000172,0.9072097789835678,0.35756295899507556,0.14223734894570603
12.200000000000173,0.8936779639811668,0.3481930761482151,0.141188807460991
12.300000000000175,0.8916519338296561,0.35621925860194287,0.14349224850123357
12.400000000000176,0.888009560013343,0.3593751176592746,0.1447355539941582
12.500000000000178,0.8832881466178577,0.3643325520644571,0.14621687191736246
12.600000000000179,0.8741056318590487,0.3724760086109316,0.14829887415365411
12.70000000000018,0.8279560908658509,0.35766660996145433,0.14174274324639397
12.800000000000182,0.8218706979060233,0.36616621840723385,0.14384022756718393
12.900000000000183,0.8266908190245017,0.3704354134913929,0.14425897060300932
13.000000000000185,0.8309085900462542,0.36819750984213445,0.1454532931658708
13.100000000000186,0.8350328425143361,0.3682849557437142,0.14614154164855928
13.200000000000188,0.8390514334382653,0.3678353339807681,0.14718596167472187
13.300000000000189,0.8458057326259777,0.3679670034777564,0.14808773852697404
13.40000000000019,0.8459183769326164,0.36954174379520294,0.1493846626469628
13.500000000000192,0.813312895594208,0.3500456357567363,0.139736333250714
13.600000000000193,0.8142767409805999,0.3492733695464781,0.1406664344892315
13.700000000000195,0.8128352110287995,0.35719407197774716,0.14226526992589192
13.800000000000196,0.8166247364786182,0.35787041401491276,0.1447019008412577
13.900000000000198,0.822577996289767,0.3588429244441274,0.14584913650414572
14.000000000000197,0.828203155331294,0.3585720033448843,0.1470619823505253
14.100000000000197,0.8287274221655786,0.3566497469265608,0.1460892341727497
14.200000000000196,0.8328206075810666,0.3562838540870592,0.14750763101653777
14.300000000000196,0.83899744440874,0.35699978803085014,0.14827848448317849
14.400000000000196,0.8442169136810445,0.3580116138061376,0.1492473567650146
14.500000000000195,0.8503224672784042,0.3457798379434485,0.14929309031810326
14.600000000000195,0.8550704310906206,0.3562108485717201,0.15091952980320633
14.700000000000195,0.8616704456299643,0.37335993585547306,0.15168706384559372
14.800000000000194,0.8618476753075784,0.290171532315082,0.15197474958289375
14.900000000000194,0.849208045164549,0.36770463072110654,0.15353353421887556
15.000000000000194,0.7958310522643578,0.2646666052826218,0.1347080074692322
15.100000000000193,0.7867820629627444,0.2699580950458825,0.1361499759241743
15.200000000000193,0.7849754076583144,0.27431601511199977,0.13789340241613912
15.300000000000193,0.7959151523492141,0.27249871321448554,0.13795249581973879
15.400000000000192,0.8028656343980399,0.2721728578783166,0.13840917412203266
15.500000000000192,0.811296022579134,0.27266694697763083,0.1389491513473255
15.600000000000191,0.8138559084750856,0.2767212080009593,0.13998779784310914
15.700000000000191,0.8014487908236595,0.26656684535564024,0.13621366374253144
15.80000000000019,0.8043714084770078,0.264657721636074,0.1361528666419408
15.90000000000019,0.8055413526026468,0.26772229809722276,0.13752404402777085
16.000000000000192,0.8150762699702302,0.26679032110891204,0.1378916031096979
16.10000000000019,0.8255085515384529,0.2658140212165683,0.1380235175784942
16.200000000000188,0.830473039130624,0.26337413241613655,0.137523008327631
16.30000000000019,0.835908463087255,0.2635201868709452,0.13822710556662324
16.40000000000019,0.8445248088041512,0.2635166475528307,0.1388081724197853
16.50000000000019,0.8495100788720656,0.2647901027637367,0.13944724112888862
16.600000000000186,0.8573637698213612,0.26594423681139384,0.14025481245766902
16.700000000000188,0.862711197612852,0.2670798117389393,0.14109957335401785
16.80000000000019,0.8699829870914472,0.26770906180224824,0.1418040199189552
16.900000000000187,0.8758748874353789,0.2692043873958486,0.14283390996934406
17.000000000000185,0.8687457891957083,0.2784010642464907,0.14890492548278
17.100000000000186,0.844769568998331,0.2625106886053821,0.14369911303132393
17.200000000000188,0.8036611692609045,0.25870672300827297,0.13633401389729552
17.300000000000185,0.8052071999610112,0.2593881550134161,0.13633351088697448
17.400000000000183,0.8060731662383467,0.2617157931750312,0.1372721674070775
17.500000000000185,0.8039654427372601,0.27057704136372085,0.13925827920652956
17.600000000000186,0.813672863949919,0.2696794637434261,0.13935667124835344
17.700000000000184,0.8214621132836665,0.26918266794305024,0.13947684701472182
17.800000000000182,0.8292969309564598,0.2700795554993018,0.13992495786224357
17.900000000000183,0.8327995279452405,0.2724379856288328,0.14053407183296165
18.000000000000185,0.8181626003198511,0.26179511149246576,0.13613419971963922
18.100000000000183,0.8129039739011618,0.27333561448877663,0.1392166577827586
18.20000000000018,0.8209098236126905,0.27414916726195554,0.13984850972505353
18.300000000000182,0.8286333916785068,0.2747339263862381,0.1400638915887678
18.400000000000183,0.8340504260491519,0.2728839888382632,0.14009243783538824
18.50000000000018,0.8419697612936355,0.27628954274000067,0.14086640101907189
18.60000000000018,0.8507115361295404,0.27904236859060605,0.1414772734290882
18.70000000000018,0.8510265306539221,0.28324737657369287,0.1426245694583866
18.800000000000182,0.8250883247264172,0.2848137248008541,0.13905314482141687
18.90000000000018,0.798082531738574,0.2804602949578574,0.13407149050107514
19.000000000000178,0.7967209565926989,0.2803412733255618,0.13344713486104212
19.10000000000018,0.7959675116973041,0.28946497196345855,0.1354364808235117
19.20000000000018,0.792073510324886,0.29690195974224415,0.13784831600181252
19.30000000000018,0.7909459746513625,0.30199036873211943,0.13835214245556945
19.400000000000176,0.7812935172057189,0.31509795405499236,0.14336019647566317
19.500000000000178,0.7796436221923297,0.3202821695399714,0.14541791308361965
19.60000000000018,0.779286669152519,0.31986326804599663,0.14535641503775204
19.700000000000177,0.7837203901401528,0.3212604155568898,0.14617593415951324
19.800000000000175,0.7912575012262669,0.32179331841470776,0.1461801716420291
19.900000000000176,0.796777076812793,0.32204325452011356,0.14639356432761727
20.000000000000178,0.8029439241531392,0.32316705692536324,0.14664398490759353
20.100000000000176,0.7818538027194872,0.30857688580330117,0.14178991018677692
20.200000000000173,0.7865616154534943,0.3088880731881303,0.1417797997653604
20.300000000000175,0.790548519442841,0.31287189194848203,0.14285480658677716
20.400000000000176,0.8001174148153467,0.31269144404605176,0.1428965756170899
20.500000000000174,0.8063231044181465,0.31294480895314364,0.14329434328655172
20.600000000000172,0.8128066023475852,0.31371459779689626,0.14377383763482
20.700000000000173,0.8227998864254715,0.31466942111091134,0.14428915103221807
20.800000000000175,0.8303984465623931,0.31419016278613104,0.14427620385740278
20.900000000000173,0.8412415521956002,0.3166844330957013,0.14527863752745301
21.00000000000017,0.8492920325849683,0.31889748702094317,0.14597841155395425
21.100000000000172,0.856583531579039,0.31996925709023477,0.14633638160830292
21.200000000000173,0.8655085861981994,0.3215499213446709,0.14698031324067207
21.30000000000017,0.8715597714440766,0.3221190591531127,0.14747706714095107
21.40000000000017,0.8737141257393574,0.3409770596562871,0.15320980765378345
21.50000000000017,0.8437813181103472,0.30260103772848307,0.14041554187417624
21.600000000000172,0.8396689411065167,0.30089603778321067,0.14032985342468568
21.70000000000017,0.8250447299993691,0.27077390136316976,0.1307360793717969
21.800000000000168,0.8198937382785206,0.27726513078590814,0.13200418587090135
21.90000000000017,0.8272268229680892,0.27782668525843196,0.1314252262133018
22.00000000000017,0.8251356397330006,0.2837491323282297,0.13291960222578533
22.10000000000017,0.8305830834016619,0.28291141837245465,0.13268067645671586
22.200000000000166,0.8359495430920757,0.28424979958010205,0.13270324758753782
22.300000000000168,0.8383467019952672,0.28489410260655645,0.13285311792842536
22.40000000000017,0.8431924021061974,0.28440770019356293,0.13278887091893884
22.500000000000167,0.840688067201319,0.28431417139476284,0.1330620073421897
22.600000000000165,0.845406969538902,0.2849949921430461,0.13336352368273635
22.700000000000166,0.8507352210623956,0.2852036930987921,0.13366531918780586
22.800000000000168,0.8591141767243312,0.2843790076907671,0.13390996554183351
22.900000000000166,0.8643094324925262,0.28509616547810546,0.13447237264533837
23.000000000000163,0.8625294210240261,0.29239682580087784,0.1362278477564026
23.100000000000165,0.8493972582191702,0.31205844236721153,0.14011036219998652
23.200000000000166,0.8160265068486098,0.2789648837046651,0.13152500827203012
23.300000000000164,0.8232896912550168,0.28246555112883326,0.13287144284054722
23.400000000000162,0.8361998700404346,0.2838353782268452,0.1338257870891339
23.500000000000163,0.8440828194279839,0.2859515008394516,0.13513795993259695
23.600000000000165,0.8499283515843669,0.2881202648673038,0.1365130010077538
23.700000000000163,0.856816098679204,0.2897927835217021,0.1378389116710985
23.80000000000016,0.8607759517239782,0.28937589663089097,0.13915147368389988
23.900000000000162,0.8606804066841676,0.30359962197271756,0.14495055244496852
24.000000000000163,0.8028943375327587,0.2625756163460862,0.12634750533767927
24.10000000000016,0.8002644149643959,0.2629635277269439,0.12700311176771378
24.20000000000016,0.8019693637576281,0.263062690134183,0.12690831499184302
24.30000000000016,0.8080294380218159,0.2644154934522845,0.12866601914619616
24.400000000000162,0.8159767417038758,0.2641135948029927,0.12920097634766226
24.50000000000016,0.8176110668171087,0.27330469719216105,0.13153233005192802
24.600000000000158,0.8122000814351664,0.2763302012493862,0.13303676643000784
24.70000000000016,0.8167196598528795,0.2790840469661699,0.13441186711233644
24.80000000000016,0.8185625131411176,0.279591791495255,0.13491541092457673
24.90000000000016,0.818485434500631,0.28251027445152554,0.1359748652553535
25.000000000000156,0.8250839737208623,0.28366321835872715,0.13660135846230503
25.100000000000158,0.835694902467694,0.283525633177601,0.13734087984712812
25.20000000000016,0.8409071943627778,0.2843744510189021,0.13792881646800756
25.300000000000157,0.8498247103138254,0.28652314390127803,0.1385013067815286
25.400000000000155,0.8555763096765797,0.28750376689476453,0.13906715553849214
25.500000000000156,0.8619599527760565,0.28902510717455526,0.13980293546727954
25.600000000000158,0.8666293611231942,0.28982814037725035,0.14012575701617302
25.700000000000156,0.8616877617257486,0.29104448739154715,0.14058368379381075
25.800000000000153,0.8273320940981148,0.23066904670331134,0.12449823452051939
25.900000000000155,0.8293336026714287,0.2309975788425557,0.12464935271735823
26.000000000000156,0.8352300877963051,0.23181929517112623,0.12469437223462804
26.100000000000154,0.8369802566037855,0.236417129536077,0.12638896155240525
26.200000000000156,0.842023352527205,0.22451238268240348,0.12424920682769733
26.300000000000153,0.8456655977304881,0.22534710036256075,0.1251951607583448
26.400000000000155,0.8517031210876275,0.2222129021695447,0.12542375464211428
26.500000000000156,0.8535335534942728,0.22511845171249026,0.12760175130246468
26.600000000000154,0.8557749671818632,0.23418011416271658,0.13163757836162351
26.700000000000156,0.8464812230691114,0.28831350068420813,0.13474535262624757
26.800000000000157,0.818165280110657,0.20107158965388963,0.11806559808519512
26.900000000000155,0.8156753684675495,0.20836559830279752,0.12132949490084709
27.000000000000156,0.8191516779634832,0.2116608048174493,0.12299227184270796
27.100000000000158,0.818325296143945,0.2141584104150797,0.12415343723365092
27.200000000000156,0.8204338845876832,0.22049008958518632,0.12639503394716584
27.300000000000157,0.8251702338376595,0.2236968765647048,0.12779490902081092
27.400000000000155,0.8318394789844983,0.22324193815086602,0.12827631975575166
27.500000000000156,0.8343617521575969,0.23131708539526163,0.1309038204435391
27.600000000000158,0.8384035499808317,0.23491390643639995,0.13245992207015836
27.700000000000156,0.8444830290443575,0.22963692204909114,0.13238733793038399
27.800000000000157,0.8386076370185479,0.24966674519071116,0.13779478306746845
27.900000000000155,0.7994148816054846,0.23357385129290845,0.13044264851587634
28.000000000000156,0.7667964116164582,0.2194182293702752,0.12078795112089365
28.100000000000158,0.7606765565346573,0.2256366932752507,0.12328792860501485
28.200000000000156,0.7619698161067051,0.22988587240639824,0.12499747106031456
28.300000000000157,0.7636866935829959,0.22883183845540908,0.12427085778378913
28.40000000000016,0.767789627873842,0.24076993727552343,0.12665191413667384
28.500000000000156,0.7731734782417838,0.24643916394332777,0.1279596830442508
28.600000000000158,0.7779369411109686,0.2512805748358639,0.12980245500905302
28.70000000000016,0.7860925520895846,0.2579884498162294,0.13169976578312426
28.800000000000157,0.7926635884755647,0.2608059320219098,0.13315457732562003
28.90000000000016,0.799975950906978,0.2646699164301006,0.13472952391015802
29.000000000000156,0.8063188079939598,0.26872420129954505,0.13634396273457766
29.100000000000158,0.8147332867844375,0.2702785706870783,0.13780088577725735
29.20000000000016,0.8202658671985222,0.2714820152238448,0.1397270785970491
29.300000000000157,0.8177332102367054,0.3038468806518331,0.14481790512750092
29.40000000000016,0.7882244599043693,0.24092336343103585,0.1284574858551724
29.500000000000156,0.7913160505456643,0.24698170293581098,0.13071411193873986
29.600000000000158,0.7964149622903731,0.24910982710360638,0.13156795593007856
29.70000000000016,0.799380392178387,0.2544193244482949,0.13356993375591517
29.800000000000157,0.8048518008160442,0.25907876844991135,0.1351661480685122
29.90000000000016,0.803035462896819,0.2748871527955844,0.13877623194478897
30.000000000000156,0.7746242643328732,0.2186001846836494,0.12374425188262662
0.0,0.6913140966842883,0.018080001029752685,0.026710359785634522
0.10000000000000142,0.6830829616767097,0.01981554714644949,0.030137699662800423
0.20000000000000284,0.6670754519882159,0.0321152881506498,0.0452044103306129
0.30000000000000426,0.6671756214238798,0.03706477614159804,0.04964042156778273
0.4000000000000057,0.6715691090691004,0.03794731597221947,0.050102682709617936
0.5000000000000071,0.6775538887098495,0.03921956094906665,0.05142812841540912
0.6000000000000085,0.6809524502184491,0.05013803061972629,0.05881771987763578
0.70000000000001,0.6856665016693627,0.05189282429435813,0.059961028197499766
0.8000000000000114,0.6923586854849452,0.05174947845403364,0.059869496036484365
0.9000000000000128,0.7021243465382273,0.058330923401018066,0.06479307513681912
1.0000000000000142,0.7083077274479922,0.06705090689950241,0.07051846406082307
1.1000000000000156,0.6990640639223072,0.06739066867556265,0.06823520893595182
1.200000000000017,0.7074905628832481,0.06969147833754179,0.07034960561960021
1.3000000000000185,0.718600597497681,0.0728346827192188,0.07305014879433014
1.40000000000002,0.7214906080714774,0.08489734356728175,0.08069220200367233
1.5000000000000213,0.7303506913825543,0.08716816594742943,0.08667612329289105
1.6000000000000227,0.7439642981342595,0.09137305022815113,0.08973278685982652
1.7000000000000242,0.7247679592673212,0.0828104327820193,0.08007100611952604
1.8000000000000256,0.7413821601583644,0.08956696087356521,0.08504213548002883
1.900000000000027,0.7574980265330667,0.09142672281004739,0.0866149720649021
2.0000000000000284,0.7710348840666336,0.09352703078062091,0.08864522307555324
2.10000000000003,0.7841831661685119,0.09529296733180696,0.09080042622806861
2.2000000000000313,0.7929399233722659,0.0936486286576091,0.09134214885591886
2.3000000000000327,0.8052721345812838,0.10246185347433583,0.09575184243813248
2.400000000000034,0.8145680684452379,0.10605141550053106,0.09877290277351855
2.5000000000000355,0.8289756479582513,0.10396190488234665,0.1006149311268463
2.600000000000037,0.8363892813707055,0.09740184645370818,0.10130481313485243
2.7000000000000384,0.8439521369649315,0.10491336071407092,0.11047752092588439
2.80000000000004,0.8470396748265965,0.10631749307032327,0.1153738902872435
2.900000000000041,0.8464308002236307,0.11541269915820118,0.11846899131123742
3.0000000000000426,0.8216516742282791,0.11671290228398996,0.1042268525624858
3.100000000000044,0.8235233858402307,0.11610944507173183,0.10510586343603671
3.2000000000000455,0.8406502617886646,0.12189247143924335,0.10748944983244098
3.300000000000047,0.842315744102602,0.12738976060046817,0.1110185858255324
3.4000000000000483,0.8429231647269332,0.13096875885562795,0.11311466588981438
3.5000000000000497,0.8363490140863695,0.14380548464368248,0.11771468012801915
3.600000000000051,0.8127896262525574,0.14179490348542353,0.1142825119596399
3.7000000000000526,0.813808706112494,0.144666075211948,0.11557160837081112
3.800000000000054,0.8176087894959477,0.1435461682208339,0.11583023757993995
3.9000000000000554,0.821063297611313,0.1492300454840844,0.11810443556502315
4.000000000000057,0.8261529849985635,0.15006955494305538,0.12072295712829276
4.100000000000058,0.8166411455653549,0.20446651765287574,0.1260481087440414
4.20000000000006,0.7816642435848267,0.12052338592243271,0.11026978451448641
4.300000000000061,0.785466929692892,0.1239075853247092,0.11164125176539781
4.4000000000000625,0.7899774735994874,0.12670788791077828,0.11270296669028652
4.500000000000064,0.782434646623925,0.1399933390584752,0.1161117272319014
4.600000000000065,0.7529327504046902,0.12428408969133341,0.10635792148214865
4.700000000000067,0.7572313897770392,0.12571166044919577,0.10710686558207781
4.800000000000068,0.7613029967162523,0.12990964371952055,0.11088131084135738
4.90000000000007,0.7707164005644721,0.13029272488650792,0.11124501639051844
5.000000000000071,0.7784382275214163,0.13113492585374453,0.11240836765269158
5.1000000000000725,0.7878375548760731,0.1346472511461012,0.11439210928577265
5.200000000000074,0.7948663064125916,0.14019961769508144,0.1174268871563793
5.300000000000075,0.7758993481355273,0.13347985088662798,0.11269417229277204
5.400000000000077,0.7827093091326295,0.13469639911193315,0.11330274094222197
5.500000000000078,0.7817331721520787,0.14241486204461748,0.115795191310092
5.60000000000008,0.7601213288948182,0.12722871986720355,0.10684894021399527
5.700000000000081,0.7601792970630443,0.12922263666870862,0.10791730632594936
5.800000000000082,0.7643049846788955,0.1314644615588079,0.10904020935414571
5.900000000000084,0.7723690698895259,0.1361226909014058,0.11185066443643617
6.000000000000085,0.781363673429548,0.21488717326876816,0.11699840302610269
6.100000000000087,0.7910820215460941,0.2164095201029481,0.11806368629681559
6.200000000000088,0.7999483168608283,0.2170448236973509,0.11898565387050611
6.3000000000000895,0.8091009549779106,0.21957826557347063,0.12025616691788495
6.400000000000091,0.8152246893136131,0.22186080765881036,0.12153022179890069
6.500000000000092,0.7961612611656079,0.22338291517563927,0.12280729684193192
6.600000000000094,0.751931415418901,0.1539425304386625,0.11377236509166186
6.700000000000095,0.745274600015386,0.15517274788677105,0.11518046136190292
6.800000000000097,0.7500284417289529,0.1561630877538535,0.11615653055604847
6.900000000000098,0.7608135725405454,0.16049712580371786,0.11797081494058072
7.0000000000000995,0.7682815661067844,0.15975017793404983,0.1182948683932656
7.100000000000101,0.782142308852993,0.1669222993833482,0.1207616086839708
7.200000000000102,0.7915751693518387,0.17025832176571556,0.12207628704101206
7.300000000000104,0.799815678132167,0.17455727615029537,0.12334027232013187
7.400000000000105,0.8083356730763329,0.1738894838212485,0.12361417326710512
7.500000000000107,0.8131897278809443,0.1824070701592584,0.12558769344129492
7.600000000000108,0.8185071322401264,0.18679783692027974,0.12683446652696614
7.700000000000109,0.8163053471551324,0.18743758052432247,0.12674670236117228
7.800000000000111,0.7866258153273026,0.17642723328489987,0.11825523311850646
7.900000000000112,0.7864484445113527,0.17820461650504812,0.11847612568235602
8.000000000000114,0.786081949005986,0.18216209165375527,0.11982540664012815
8.100000000000115,0.7791758191972296,0.19064672133225227,0.12091685611426556
8.200000000000117,0.7685552713787098,0.21697226455887966,0.12424970510169954
8.300000000000118,0.7731337730245104,0.2391930127948294,0.1255923127240781
8.40000000000012,0.7817506841131777,0.24322909384241442,0.12601773670391386
8.50000000000012,0.7898557971465339,0.24789036914188964,0.12661402124993662
8.600000000000122,0.8021325529557043,0.24853124766594356,0.1270803220903514
8.700000000000124,0.8124598697000595,0.2556671197267668,0.12843721403995498
8.800000000000125,0.8222575199425539,0.26264579304098873,0.1296328207570211
8.900000000000126,0.8287382248677497,0.2597388418974678,0.1300860396939508
9.000000000000128,0.8276988103873021,0.2990591485599919,0.13429432516957648
9.10000000000013,0.8306359350601501,0.33166594403622157,0.13656981501799068
9.20000000000013,0.8390389395671077,0.3425462509868103,0.13760164877729794
9.300000000000132,0.8507107572230966,0.3494100764162158,0.13825493447508255
9.400000000000134,0.8601917553714319,0.3550422265516306,0.1387380664805052
9.500000000000135,0.8667940989282141,0.3624426071335789,0.13952979996451031
9.600000000000136,0.8764848370796382,0.36760208887125406,0.1399330849470381
9.700000000000138,0.8836989595975132,0.37400929601693633,0.14026057898571145
9.80000000000014,0.8921921341790587,0.37760700870633274,0.14059070858212622
9.90000000000014,0.8993010071558887,0.38159478040777034,0.14089480400867394
10.000000000000142,0.9045560881281802,0.3826351169599718,0.1412345865494633
10.100000000000144,0.9113439487626374,0.3892912037292146,0.14153091695451084
10.200000000000145,0.9158085890585115,0.39160701737651976,0.1417734392996629
10.300000000000146,0.9200801518607914,0.39349981422008645,0.14260525909726637
10.400000000000148,0.9233487886666052,0.3919396311607109,0.14247664167474558
10.50000000000015,0.9183454938657284,0.3938303046082043,0.1435348811543209
10.60000000000015,0.897415280840784,0.39955972733334644,0.1448028067133397
10.700000000000152,0.8800740761618305,0.3857774850561548,0.1450027466778358
10.800000000000153,0.8843385093659154,0.3867657200650226,0.1455023314965988
10.900000000000155,0.8861180188740349,0.38978080243556823,0.14606243472645697
11.000000000000156,0.8901962598096058,0.3900498654415241,0.14634756773558244
11.100000000000158,0.8901379769582358,0.3962820775796227,0.14705215212949793
11.20000000000016,0.8947163829460948,0.40437129308890124,0.14771032482808166
11.30000000000016,0.8959145262718587,0.4084415788370512,0.14811114556558716
11.400000000000162,0.8868668049163283,0.4121668307081125,0.14850673462161257
11.500000000000163,0.8773505777136391,0.418238097724718,0.14882338928622224
11.600000000000165,0.8806143817078689,0.4169462532615631,0.14930650115718735
11.700000000000166,0.8803466230660425,0.4144465573191421,0.14994704635121692
11.800000000000168,0.8848598112015543,0.3843250127316309,0.1489793321857733
11.900000000000169,0.8807575195036961,0.3886735922843488,0.14990695329833822
12.00000000000017,0.8837116686340355,0.3877986460041812,0.15058313912532753
12.100000000000172,0.882415426000644,0.39893931812317923,0.15211332048031553
12.200000000000173,0.8861806010693023,0.3918161376430946,0.15281968591347425
12.300000000000175,0.8908701391767883,0.3912903213289007,0.1536782227008391
12.400000000000176,0.895829077822223,0.39529739614042675,0.1545312106262807
12.500000000000178,0.8988570011988607,0.3875806078228607,0.15496805481506792
12.600000000000179,0.8963368279928003,0.38741893633253194,0.15569785351309728
12.70000000000018,0.8946852009998313,0.4396831740422383,0.1573288115413208
12.800000000000182,0.898142853424278,0.43921766443918847,0.15787962935019081
12.900000000000183,0.8977423330057192,0.4382163333402131,0.15838800779792578
13.000000000000185,0.8967996952213597,0.43746194759696233,0.15885562813668455
13.100000000000186,0.8794488644246378,0.43633587669386004,0.15891056466964962
13.200000000000188,0.8428212531069228,0.3643539801083003,0.14863315644873074
13.300000000000189,0.8409269143576772,0.36318899404011534,0.14903194531608632
13.40000000000019,0.8326653780909171,0.36821308357779686,0.15159742480881006
13.500000000000192,0.8326642773679501,0.37183080841561117,0.15216138780555838
13.600000000000193,0.8264261872814537,0.35750841202118844,0.15287820073637282
13.700000000000195,0.8224499438327776,0.41821364031870184,0.1542977733665956
13.800000000000196,0.8247585250690812,0.42342869317991827,0.15506201224482288
13.900000000000198,0.8308082117173569,0.4056070447817035,0.1545318613818437
14.000000000000197,0.8314998434080046,0.4044366040127883,0.15608507710026875
14.100000000000197,0.8359208480095345,0.40382159220348735,0.15684233009820356
14.200000000000196,0.8370615071074266,0.40323760542383785,0.15758324183916317
14.300000000000196,0.844022687915872,0.4029367812646698,0.15760801134516567
14.400000000000196,0.846093752296384,0.40227234937571216,0.15900676497087257
14.500000000000195,0.8514215045959768,0.4010354091782444,0.159458194643483
14.600000000000195,0.8491668482924641,0.40033202933523176,0.16004337447392866
14.700000000000195,0.7978095647548259,0.32749461582206824,0.14671187658080248
14.800000000000194,0.7561563520013235,0.2564755911048105,0.13326016648424266
14.900000000000194,0.7467701433942491,0.2649526305996169,0.13664860213394206
15.000000000000194,0.742615295945679,0.27147258417428727,0.1385596006051837
15.100000000000193,0.7444482757270267,0.2719720260268417,0.13902421050636948
15.200000000000193,0.7492202709463087,0.27058269490729375,0.13850278619797476
15.300000000000193,0.744050733050384,0.2814580833515861,0.14219048771082846
15.400000000000192,0.752521442173275,0.2812665441835976,0.14237410982221488
15.500000000000192,0.7613517862203234,0.28007798731744854,0.142413985910449
15.600000000000191,0.767089480759159,0.28284429269055217,0.14389667974308165
15.700000000000191,0.7753529810203088,0.2819008239991127,0.1439357867778993
15.80000000000019,0.7812561374549082,0.2856364848146659,0.14521522980895268
15.90000000000019,0.759813182320266,0.21735721866362934,0.13052069295538482
16.000000000000192,0.7605670003618155,0.21606243531688277,0.13038887429307566
16.10000000000019,0.7295209962646204,0.1980009608168718,0.12096662196031462
16.200000000000188,0.7343043679401755,0.19776925878889107,0.12107597001191345
16.30000000000019,0.7408258487495019,0.1991559498397,0.12173231134312457
16.40000000000019,0.7460266784106416,0.20493292997949178,0.12384652155370389
16.50000000000019,0.7485693655063753,0.2090819429344892,0.12535927711948802
16.600000000000186,0.7438300456325776,0.22067804432259486,0.12951312111835703
16.700000000000188,0.7408264976117015,0.22633821693074316,0.1315032340948752
16.80000000000019,0.7109033387524087,0.1617579029769789,0.11392155262183275
16.900000000000187,0.7163589274216074,0.1718429735125192,0.11776290594747424
17.000000000000185,0.710090092067147,0.16623575825496792,0.11489679715378295
17.100000000000186,0.7077135961502404,0.1828012629943011,0.12094910134863783
17.200000000000188,0.72033555608962,0.1841872560265766,0.12176006167016196
17.300000000000185,0.7257890910372194,0.1826149441692574,0.12162868279179227
17.400000000000183,0.6986647852291838,0.16028606446464055,0.11477720514647152
17.500000000000185,0.6670957270235572,0.14944412678477975,0.10711134663848586
17.600000000000186,0.6701641932298877,0.15098291082831913,0.10794720558692404
17.700000000000184,0.6744498295392091,0.15271688653299273,0.1096360747860387
17.800000000000182,0.6842743849564535,0.15977660421254705,0.11166520542918384
17.900000000000183,0.6917936611991143,0.16687293037226672,0.11390790899249961
18.000000000000185,0.7012369361140016,0.16457416109468778,0.11332577599165142
18.100000000000183,0.7104609494174273,0.17345717378223122,0.11684211539489844
18.20000000000018,0.7227187342163682,0.17678360670700563,0.11847014039323264
18.300000000000182,0.7335019565766624,0.1813658029789168,0.12022274360255031
18.400000000000183,0.7449234136194866,0.1854123056069986,0.12178545173366175
18.50000000000018,0.7571393901252582,0.19043139489097347,0.12362275988022682
18.60000000000018,0.7587487432908908,0.19610447522708072,0.12560908635863974
18.70000000000018,0.765705650831416,0.20725309364863057,0.13101951722667848
18.800000000000182,0.7775149838398591,0.2106223230465674,0.13323106900264323
18.90000000000018,0.785020231812689,0.2191980776487954,0.1370695208681245
19.000000000000178,0.7952931136801097,0.21943431760098076,0.13771241097919298
19.10000000000018,0.8120569543159442,0.22722882373743056,0.1397276531743403
19.20000000000018,0.8151681957486133,0.2364404143635274,0.14138198279768363
19.30000000000018,0.8164539786885024,0.23373851007860943,0.14238755448771365
19.400000000000176,0.8159717196134114,0.23953471517170977,0.14393968494705983
19.500000000000178,0.8149872039316772,0.25075286570628935,0.1452428281808271
19.60000000000018,0.7855094350559386,0.2186726217998173,0.13624101611882536
19.700000000000177,0.7847675795830032,0.22611797765058406,0.1383265207932829
19.800000000000175,0.7971074394029906,0.22826298412459414,0.1393090301686804
19.900000000000176,0.8077796783434685,0.2313666296642999,0.14024709277540381
20.000000000000178,0.8166959050154681,0.2318997336290871,0.14114590409245695
20.100000000000176,0.8263212624960676,0.23666009740121743,0.14202358367259924
20.200000000000173,0.837957608401076,0.24391795612989764,0.1428715674703635
20.300000000000175,0.8441624378930145,0.24861886850405682,0.14333937715535663
20.400000000000176,0.8544031068529808,0.2631932471750034,0.1453887269234543
20.500000000000174,0.8181690570789141,0.24730925485050256,0.13739779383116868
20.600000000000172,0.7798054253652212,0.24261388819548713,0.12826287650173465
20.700000000000173,0.7813995600966287,0.24868251197652713,0.12815181400690207
20.800000000000175,0.7823955308626718,0.25891327132927233,0.13027355688949696
20.900000000000173,0.7818342210669765,0.261890106673012,0.13041679279936896
21.00000000000017,0.7820602092140511,0.2666870513710597,0.13127385827028407
21.100000000000172,0.7812462867819403,0.2736707345699965,0.1334043764528821
21.200000000000173,0.7876238512071533,0.2702887046388123,0.13201154140612162
21.30000000000017,0.7964344329811869,0.2645867884483015,0.1317774695782179
21.40000000000017,0.8075238523918289,0.26909747468720013,0.1317935287384332
21.50000000000017,0.8016895576424109,0.2570535940796193,0.13179789626489471
21.600000000000172,0.7853701193018926,0.18259354918021375,0.1136452348265339
21.70000000000017,0.7803566761431671,0.1884262288711268,0.11728521083802958
21.800000000000168,0.7840452148679585,0.189870145285668,0.11798802303013102
21.90000000000017,0.7438262075971512,0.13891293671796975,0.10850691825405513
22.00000000000017,0.7375787917503226,0.1472616797135994,0.11216862195395122
22.10000000000017,0.7456394515818868,0.15242482307804384,0.11265618701019277
22.200000000000166,0.7580435177196003,0.15385557808308184,0.11354532577883827
22.300000000000168,0.7704426761260236,0.1574836960319744,0.1145896669742148
22.40000000000017,0.7786015401847589,0.15921942971663414,0.11530553636676874
22.500000000000167,0.7915363740874803,0.1635306267655257,0.11642318187569987
22.600000000000165,0.8015374621174507,0.16663995265738635,0.11721797962267926
22.700000000000166,0.8104377112199094,0.1681423523765361,0.11811811204056459
22.800000000000168,0.8228139550622231,0.17147161958822518,0.1190645503908062
22.900000000000166,0.8331214785938877,0.17674431011027378,0.1201618872836571
23.000000000000163,0.8361124515041785,0.18400865697516214,0.12132443877573916
23.100000000000165,0.7951253323197264,0.11020585838314141,0.10664734523326985
23.200000000000166,0.7989463155238075,0.11952494636373164,0.11088269559590845
23.300000000000164,0.8047868893052722,0.12540157828752427,0.11335021918539757
23.400000000000162,0.8088232716757907,0.1292107772001488,0.11486214121003736
23.500000000000163,0.8252874687598425,0.14038480911174678,0.11898999723975036
23.600000000000165,0.834608599255605,0.14885938508335647,0.12202128826523731
23.700000000000163,0.8415092361996396,0.15041584652255932,0.12249350653929586
23.80000000000016,0.8532431539628895,0.16488562584486932,0.12655322541364997
23.900000000000162,0.8610170272370378,0.17286499306984013,0.12867712536098566
24.000000000000163,0.8694589274238224,0.17923159563632632,0.13063441892678218
24.10000000000016,0.8766463487474331,0.1823559414292907,0.13319088651901761
24.20000000000016,0.8720674978179686,0.2065287825181524,0.1387630145807248
24.30000000000016,0.8692290693996596,0.2055887404565271,0.14281583069153944
24.400000000000162,0.882536123822537,0.2011277524566728,0.14481656483228308
24.50000000000016,0.8891417629666952,0.20958957519251156,0.14650926097478792
24.600000000000158,0.8806425277278599,0.23288472792859047,0.14949396441314033
24.70000000000016,0.8022185322117575,0.2168721387885807,0.1251194080530946
24.80000000000016,0.7987647619554851,0.22236260637962815,0.12606613496088281
24.90000000000016,0.8010154395863044,0.22762695480427234,0.1267072035065041
25.000000000000156,0.7976438916324703,0.23484445568378687,0.12831941551438433
25.100000000000158,0.8083108151582846,0.24304544623040025,0.1294745415897558
25.20000000000016,0.8136613940390832,0.24824249400028506,0.13017479652799
25.300000000000157,0.8230194008026723,0.259835478116159,0.13091140997580533
25.400000000000155,0.8289619488174852,0.24993285828622894,0.13144675345781845
25.500000000000156,0.835648414105504,0.22600706593197328,0.13224888689867306
25.600000000000158,0.841602203791902,0.25186312224420876,0.13136140713855465
25.700000000000156,0.8466465972205884,0.26755762650935694,0.13357199230940575
25.800000000000153,0.8406845444936764,0.28665750932527084,0.13500662403061015
25.900000000000155,0.8057098040945032,0.2105339064006905,0.11754472452973622
26.000000000000156,0.806783009928408,0.2097956889730933,0.11781371539176243
26.100000000000154,0.8133885293174313,0.21494138544501262,0.11864438399239281
26.200000000000156,0.8190310784233041,0.21790889271060768,0.11944596108164376
26.300000000000153,0.8164685701592448,0.22776857128067604,0.12262743480315172
26.400000000000155,0.8231225452206982,0.23057367104849188,0.12361295010128102
26.500000000000156,0.8295622084878315,0.22979418409556365,0.12395709409907311
26.600000000000154,0.8364329058930604,0.23828700568227237,0.12612372277726158
26.700000000000156,0.8408408886195148,0.24247492015727334,0.12748033685266844
26.800000000000157,0.845770848971194,0.24697137238809985,0.12892710154054352
26.900000000000155,0.8500228886294234,0.24515570301656106,0.12895337771704943
27.000000000000156,0.8562636570475316,0.24542349382633574,0.12917004427804868
27.100000000000158,0.8593072581940758,0.24699484613125486,0.1297259660637394
27.200000000000156,0.8490207344077897,0.26228285033494675,0.1325323831439872
27.300000000000157,0.8247047620129386,0.22888028973782137,0.12177354761462739
27.400000000000155,0.8269892558463874,0.23046141093933925,0.12349377475402115
27.500000000000156,0.8314503633424067,0.23027326558753583,0.12454362191163613
27.600000000000158,0.8334852796087696,0.24083193884863496,0.1266153052734983
27.700000000000156,0.8356335480029005,0.2418567080266919,0.12749223155149442
27.800000000000157,0.8141671251321952,0.23785632180026228,0.12511173378059637
27.900000000000155,0.8170418075455051,0.22533190540252357,0.12618867889935503
28.000000000000156,0.8209837614376854,0.23062706001339564,0.1279929662221744
28.100000000000158,0.8253999542905467,0.23395737603690236,0.12916531086420496
28.200000000000156,0.8321969690839971,0.23272103471718442,0.12944264589615098
28.300000000000157,0.8395034207565971,0.24043238296463154,0.1314086223036656
28.40000000000016,0.839299868725234,0.24599756683499752,0.13264077763498439
28.500000000000156,0.7919016443339782,0.2299300046171263,0.12369697908184643
28.600000000000158,0.7547839302752991,0.21424909715722942,0.11528095004824512
28.70000000000016,0.7533288864904137,0.22085792854080508,0.11812738822946742
28.800000000000157,0.7531050423050317,0.22266396732746288,0.11950446450133015
28.90000000000016,0.7549257321330081,0.22424809241075624,0.12117916016955164
29.000000000000156,0.7504493364832497,0.23043024181419658,0.12482267217454723
29.100000000000158,0.7555691036460176,0.2325513375409799,0.12614172741202562
29.20000000000016,0.7638251020939366,0.23493588196053086,0.1275913813988338
29.300000000000157,0.7626271095566084,0.24321309429623406,0.13090322939763582
29.40000000000016,0.7636823396583713,0.24568932523685172,0.1308344031801034
29.500000000000156,0.7708366177872347,0.24714541679674354,0.1310477182641345
29.600000000000158,0.7764328783918156,0.2491765352639903,0.13165621453439247
29.70000000000016,0.7841179466309652,0.25407021267903607,0.13362373503096328
29.800000000000157,0.7923691233646881,0.25512826416719325,0.1344821094510839
29.90000000000016,0.8017034726054518,0.256157454913308,0.13532880602413766
30.000000000000156,0.8090660125290133,0.25741142391102406,0.1362007493626116
